"income","country","expenditure","accomodation","year"
18810,"Netherlands",680,"B&B","1994"
15675,"Netherlands",331.1,"Camping","1994"
35000,"Netherlands",462.5,"Room","1994"
30000,"Netherlands",433.91667,"Camping","1994"
21945,"Netherlands",400.6,"Camping","1994"
13794,"Netherlands",381.56625,"Camping","1994"
23826,"Netherlands",272.84848,"Camping","1994"
60000,"USA",1203.57143,"Appartment","1994"
55250,"USA",1385.71429,"Hotel","1994"
18810,"Netherlands",516.25,"B&B","1994"
21945,"Netherlands",291.48333,"Camping","1994"
20691,"Netherlands",425.90714,"Camping","1994"
37620,"Netherlands",186.78571,"Camping","1994"
78375,"Netherlands",379.53654,"Camping","1994"
18810,"Netherlands",203.70968,"Camping","1994"
33150,"USA",687.14286,"Hotel","1994"
52247.91,"Netherlands",543.4,"Camping","1994"
43890,"Netherlands",1174.69167,"Hotel","1994"
28215,"Netherlands",402.49107,"Camping","1994"
30096,"Netherlands",433.09722,"Camping","1994"
48906,"Netherlands",1300,"Camping","1994"
18810,"Netherlands",725.69792,"Hotel","1994"
20691,"Netherlands",385.9375,"Camping","1994"
31350,"Netherlands",197.96691,"Camping","1994"
50160,"Netherlands",1075,"Camping","1994"
27274.5,"Netherlands",342.14286,"Camping","1994"
25080,"Netherlands",361.725,"Camping","1994"
21945,"Netherlands",692.95,"Camping","1994"
28215,"Netherlands",383.4375,"Camping","1994"
37620,"Netherlands",686.45938,"Camping","1994"
34485,"Netherlands",225.78333,"Camping","1994"
20064,"Netherlands",306.75,"Camping","1994"
143650,"USA",1088.33333,"Hotel","1994"
17556,"Netherlands",616.66667,"Camping","1994"
50160,"Netherlands",498.465,"Camping","1994"
18810,"Netherlands",331.9325,"Camping","1994"
32604,"Netherlands",263.88286,"Camping","1994"
18810,"Netherlands",514.375,"Room","1994"
25080,"Netherlands",418.33333,"Camping","1994"
26334,"Netherlands",574.58333,"Camping","1994"
52041,"Netherlands",395.98824,"Camping","1994"
37620,"Netherlands",307.5,"Camping","1994"
15675,"Netherlands",409.20673,"Camping","1994"
43890,"Netherlands",306.7075,"Camping","1994"
50160,"Netherlands",490.17857,"Camping","1994"
23826,"Netherlands",511.98889,"Camping","1994"
32604,"Netherlands",693.5,"Camping","1994"
22572,"Netherlands",304.16667,"Appartment","1994"
21945,"Netherlands",1406.56667,"Hotel","1994"
24310,"USA",684.52976,"Hotel","1994"
37620,"Netherlands",1029.325,"Appartment","1994"
23826,"Netherlands",762.73214,"Appartment","1994"
31350,"Netherlands",1030.10833,"B&B","1994"
50160,"Netherlands",219.40476,"Camping","1994"
23826,"Netherlands",331.97411,"Camping","1994"
18810,"Netherlands",283.87583,"Camping","1994"
25080,"Netherlands",401.17647,"Camping","1994"
34485,"Netherlands",304.25,"Camping","1994"
18810,"Netherlands",780.88706,"Camping","1994"
35112,"Netherlands",422.06389,"Appartment","1994"
21945,"Netherlands",746.42857,"Appartment","1994"
43890,"Netherlands",424.85227,"Camping","1994"
40000,"Netherlands",487.31884,"Camping","1994"
21004.5,"Netherlands",288.125,"Camping","1994"
25080,"Netherlands",267.9125,"Camping","1994"
62700,"Netherlands",200.28214,"Camping","1994"
30096,"Netherlands",262.48571,"Camping","1994"
37620,"Netherlands",440.68214,"Camping","1994"
62700,"Netherlands",307.375,"Camping","1994"
31350,"Netherlands",731.76471,"Camping","1994"
17600,"Netherlands",387.7381,"Camping","1994"
28700,"Netherlands",644.28571,"B&B","1994"
13794,"Netherlands",219.23114,"Camping","1994"
3573.9,"Netherlands",219.33631,"Camping","1994"
18810,"Netherlands",410.49762,"Camping","1994"
31350,"Netherlands",410.88235,"Appartment","1994"
31350,"Netherlands",1180.95238,"Hotel","1994"
55250,"USA",985.65625,"Room","1994"
46410,"USA",1189.53125,"Hotel","1994"
56430,"Netherlands",781.875,"B&B","1994"
19000,"Netherlands",598.8,"Camping","1994"
21945,"Netherlands",197.5,"Camping","1994"
17556,"Netherlands",359.74125,"Camping","1994"
16302,"Netherlands",309.1125,"Camping","1994"
49725,"USA",1605,"Hotel","1994"
30940,"USA",674.65625,"Hotel","1994"
28215,"Netherlands",344.3875,"Camping","1994"
26334,"Netherlands",623.64107,"Appartment","1994"
31350,"Netherlands",776.47031,"Hotel","1994"
17556,"Netherlands",327.5,"Camping","1994"
20879.1,"Netherlands",455.83333,"Camping","1994"
15675,"Netherlands",946.48889,"Hotel","1994"
22572,"Netherlands",914.81667,"Hotel","1994"
18810,"Netherlands",427.89107,"Camping","1994"
20000,"USA",737.14286,"Hotel","1994"
20000,"Netherlands",683.92857,"B&B","1994"
18810,"Netherlands",287.54167,"Camping","1994"
18810,"Netherlands",357.5,"Camping","1994"
38675,"USA",1540,"Hotel","1994"
18810,"Netherlands",627.32143,"B&B","1994"
34485,"Netherlands",809.48718,"B&B","1994"
28215,"Netherlands",672.98,"B&B","1994"
31350,"Netherlands",510.71667,"Hotel","1994"
23826,"Netherlands",260.125,"Camping","1994"
21945,"Netherlands",650.0125,"Hotel","1994"
17556,"Netherlands",396.41591,"Hotel","1994"
25080,"Netherlands",605.86607,"Hotel","1994"
43890,"Netherlands",980,"Hotel","1994"
37620,"Netherlands",402.85294,"Hotel","1994"
18810,"Netherlands",985,"Camping","1994"
16678.2,"Netherlands",114,"Camping","1994"
15675,"Netherlands",759.11786,"B&B","1994"
33150,"USA",556.42857,"Camping","1994"
14729.65,"USA",757.25,"Hotel","1994"
40755,"Netherlands",365.42857,"Camping","1994"
37620,"Netherlands",850.83333,"Hotel","1994"
47025,"Netherlands",420.20134,"Camping","1994"
30940,"USA",448.85,"Hotel","1994"
37620,"Netherlands",461.02094,"Camping","1994"
31350,"Netherlands",249.81111,"Camping","1994"
34485,"Netherlands",468.1875,"B&B","1994"
43890,"Netherlands",953.57143,"Hotel","1994"
25000,"Netherlands",892.32679,"Hotel","1994"
18810,"Netherlands",861.4,"Camping","1994"
6000,"Netherlands",382.5,"Camping","1994"
21945,"Netherlands",731.81429,"B&B","1994"
22100,"USA",1062.3125,"Hotel","1994"
33231,"Netherlands",598.86786,"Hotel","1994"
31350,"Netherlands",1536.99167,"Hotel","1994"
20064,"Netherlands",871.4,"Hotel","1994"
33150,"USA",503.65385,"Room","1994"
18810,"Netherlands",1097.85714,"Hotel","1994"
33150,"USA",1061.5,"B&B","1994"
43095,"USA",1163.5,"Hotel","1994"
66300,"USA",1858.05,"Hotel","1994"
110500,"USA",4400.9,"Hotel","1994"
101660,"USA",1316.66667,"Hotel","1994"
42240,"Netherlands",1217.87143,"Hotel","1994"
56320,"Netherlands",1402.9125,"Hotel","1994"
28160,"Netherlands",792.88462,"B&B","1994"
8151,"Netherlands",626.25,"Hotel","1994"
40755,"Netherlands",937,"Hotel","1994"
18810,"Netherlands",661.83333,"Camping","1994"
37620,"Netherlands",595.65,"Camping","1994"
31350,"Netherlands",592.52083,"Camping","1994"
21945,"Netherlands",663.43571,"Camping","1994"
62700,"Netherlands",1293.15789,"Hotel","1994"
37620,"Netherlands",440.48387,"Camping","1994"
28842,"Netherlands",1776.40357,"Hotel","1994"
15675,"Netherlands",587.01923,"Room","1994"
26520,"USA",743.25,"B&B","1994"
88400,"USA",1566.3125,"Hotel","1994"
44200,"USA",1424.875,"Room","1994"
13812.5,"USA",1139.25,"Farm","1994"
28215,"Netherlands",984.80357,"B&B","1994"
18810,"Netherlands",320,"Camping","1994"
15048,"Netherlands",457.625,"B&B","1994"
43890,"Netherlands",350,"Camping","1994"
18810,"Netherlands",159.625,"Camping","1994"
110500,"USA",1458.375,"Room","1994"
11050,"USA",498.57143,"Room","1994"
30096,"Netherlands",668.05357,"B&B","1994"
19437,"Netherlands",478.43571,"B&B","1994"
28000,"Netherlands",1195,"Hotel","1994"
138125,"USA",690.5,"Hotel","1994"
18496.5,"Netherlands",364.97404,"Appartment","1994"
18810,"Netherlands",153.475,"Camping","1994"
50000,"Netherlands",219.71429,"Camping","1994"
18810,"Netherlands",113.03233,"Camping","1994"
25080,"Netherlands",192.4375,"Camping","1994"
44200,"USA",2098.33333,"Hotel","1994"
49725,"USA",3500,"Hotel","1994"
17242.5,"Netherlands",776.25,"Camping","1994"
28730,"USA",2561.25,"Hotel","1994"
25000,"Netherlands",450,"Camping","1994"
110500,"USA",1156.375,"Hotel","1994"
91715,"USA",1377.06429,"Hotel","1994"
55250,"USA",9417.5,"Hotel","1994"
38675,"USA",949.64286,"Hotel","1994"
75000,"USA",829.16667,"Hotel","1994"
55250,"USA",1077.875,"Hotel","1994"
62700,"Netherlands",808.33333,"Hotel","1994"
72930,"USA",364.33333,"Camping","1994"
22100,"USA",820.625,"Hotel","1994"
14365,"USA",815.83333,"B&B","1994"
44200,"USA",857,"Room","1994"
10939.5,"USA",270,"Camping","1994"
23826,"Netherlands",426.04,"Room","1994"
33150,"USA",1281.10417,"Hotel","1994"
38675,"USA",6741.25,"Hotel","1994"
99450,"USA",631.66667,"Hotel","1994"
35000,"USA",972,"Hotel","1994"
66300,"USA",907.75,"B&B","1994"
41990,"USA",1160.525,"Hotel","1994"
55250,"USA",1479.7,"Room","1994"
33150,"USA",951.66667,"Room","1994"
22100,"USA",496.0875,"B&B","1994"
50000,"USA",1625.25,"Hotel","1994"
20691,"Netherlands",599.64885,"B&B","1994"
21945,"Netherlands",236.54762,"Camping","1994"
18810,"Netherlands",1099.48929,"Hotel","1994"
20691,"Netherlands",936.58125,"Hotel","1994"
18810,"Netherlands",1231.015,"Hotel","1994"
21945,"Netherlands",666.95,"Room","1994"
22400,"Netherlands",635.89286,"Appartment","1994"
31350,"Netherlands",558.4,"Room","1994"
18810,"Netherlands",525,"Camping","1994"
49639.59,"Netherlands",836.27596,"Hotel","1994"
31350,"Netherlands",366.13571,"Camping","1994"
20000,"Netherlands",893.25,"Hotel","1994"
8778,"Netherlands",228.83929,"Camping","1994"
40000,"Netherlands",962.5,"Hotel","1994"
62700,"Netherlands",1802.89286,"Hotel","1994"
14421,"Netherlands",734.27143,"Appartment","1994"
25080,"Netherlands",614.75,"Room","1994"
30409.5,"Netherlands",975.46875,"B&B","1994"
65314.59,"Netherlands",950,"B&B","1994"
12540,"Netherlands",933.44625,"B&B","1994"
31350,"Netherlands",353.50857,"Appartment","1994"
31350,"Netherlands",752.25,"B&B","1994"
21945,"Netherlands",758.34615,"Room","1994"
47000,"Netherlands",420.25,"Camping","1994"
9405,"Netherlands",908,"Hotel","1994"
12540,"Netherlands",617.52381,"Camping","1994"
34485,"Netherlands",444.56905,"Camping","1994"
25080,"Netherlands",297.25,"Camping","1994"
13167,"Netherlands",665.41667,"Camping","1994"
35200,"Netherlands",504.71875,"Camping","1994"
25080,"Netherlands",578.75,"Camping","1994"
18810,"Netherlands",425.88235,"Appartment","1994"
17556,"Netherlands",472.69231,"Appartment","1994"
21945,"Netherlands",669.82143,"Room","1994"
25080,"Netherlands",687.92857,"Camping","1994"
25080,"Netherlands",347.85714,"Camping","1994"
15675,"Netherlands",282.95385,"Camping","1994"
25080,"Netherlands",475,"Appartment","1994"
30409.5,"Netherlands",153.375,"Appartment","1994"
37620,"Netherlands",534.87589,"Camping","1994"
25080,"Netherlands",625.99232,"Hotel","1994"
43890,"Netherlands",1716.66667,"Hotel","1994"
52041,"Netherlands",331.55179,"Camping","1994"
11286,"Netherlands",890.82321,"Hotel","1994"
18810,"Netherlands",593.82143,"Hotel","1994"
31350,"Netherlands",1266.54,"Hotel","1994"
28215,"Netherlands",447.60119,"Hotel","1994"
15048,"Netherlands",550,"Camping","1994"
62700,"Netherlands",1508.75,"B&B","1994"
31350,"Netherlands",842.14286,"Room","1994"
40755,"Netherlands",1075,"B&B","1994"
21318,"Netherlands",245.48882,"Camping","1994"
25080,"Netherlands",1309.66667,"Hotel","1994"
33231,"Netherlands",522.36111,"Farm","1994"
13794,"Netherlands",1252,"Hotel","1994"
18810,"Netherlands",895.08929,"B&B","1994"
23826,"Netherlands",935.62857,"Hotel","1994"
22572,"Netherlands",547.56952,"Appartment","1994"
40755,"Netherlands",763.2,"Appartment","1994"
15048,"Netherlands",465.29062,"Room","1994"
75240,"Netherlands",1131.85714,"Hotel","1994"
62700,"Netherlands",958.07692,"B&B","1994"
35112,"Netherlands",1791.11111,"Hotel","1994"
15675,"Netherlands",792.33125,"Hotel","1994"
22572,"Netherlands",516.66667,"Appartment","1994"
62700,"Netherlands",600,"Hotel","1994"
20064,"Netherlands",1695,"Hotel","1994"
81510,"Netherlands",561.66667,"Room","1994"
37620,"Netherlands",846.45,"Hotel","1994"
37620,"Netherlands",554.54545,"Room","1994"
29469,"Netherlands",665.89286,"Farm","1994"
43890,"Netherlands",1442.85714,"Hotel","1994"
25080,"Netherlands",548.21429,"Camping","1994"
25080,"Netherlands",1214.4,"Farm","1994"
16575,"USA",745,"Hotel","1994"
66300,"USA",976.25,"Hotel","1994"
44200,"USA",1656.94444,"Hotel","1994"
110500,"USA",2012.8125,"Hotel","1994"
5525,"USA",742.5,"Hotel","1994"
38675,"USA",1682.61,"Hotel","1994"
27625,"USA",1643.75,"B&B","1994"
60775,"USA",713.21429,"Hotel","1994"
92267.5,"USA",548.16667,"Room","1994"
165750,"USA",2552.5,"Hotel","1994"
55250,"USA",1953.75,"Hotel","1994"
77350,"USA",1352.5,"Hotel","1994"
38675,"USA",1300,"Hotel","1994"
44200,"USA",3990.64286,"Hotel","1994"
85085,"USA",1039,"B&B","1994"
44200,"USA",3044.16667,"Hotel","1994"
33150,"USA",1215.5,"Hotel","1994"
22100,"USA",621.71429,"Room","1994"
69062.5,"USA",520.97024,"Hotel","1994"
92267.5,"USA",1198.225,"Hotel","1994"
40885,"USA",341.42857,"Appartment","1994"
64090,"USA",898.21429,"Hotel","1994"
32409.65,"USA",721.30952,"Hotel","1994"
66300,"USA",451.74242,"Hotel","1994"
49725,"USA",1080.04167,"B&B","1994"
33150,"USA",1802.8,"Hotel","1994"
77350,"USA",1265,"Hotel","1994"
66300,"USA",1284.375,"Hotel","1994"
27625,"USA",883.75,"Hotel","1994"
9945,"USA",1369.5,"Hotel","1994"
37017.5,"USA",838.57143,"Camping","1994"
56907.5,"USA",864.28571,"Hotel","1994"
44200,"USA",1983.33333,"Hotel","1994"
16700,"USA",475,"Hotel","1994"
45857.5,"USA",1470,"Hotel","1994"
82875,"USA",582.85,"Appartment","1994"
33150,"USA",1741.5,"Room","1994"
27625,"USA",577.76786,"Appartment","1994"
33150,"USA",1678.84615,"Hotel","1994"
92267.5,"USA",1915,"Hotel","1994"
66300,"USA",397.10714,"Hotel","1994"
19890,"USA",1572,"Hotel","1994"
22100,"USA",2120.5,"Hotel","1994"
55250,"USA",1049.28571,"Hotel","1994"
30096,"Netherlands",566.53929,"Hotel","1994"
28215,"Netherlands",638.73611,"Appartment","1994"
110500,"USA",1421.42857,"Hotel","1994"
22100,"USA",1197.46875,"Hotel","1994"
46078.5,"USA",555.66667,"Hotel","1994"
138125,"USA",743.75,"Appartment","1994"
17680,"USA",967.67857,"Hotel","1994"
38675,"USA",938.4,"Hotel","1994"
11000,"Netherlands",424.44444,"Hotel","1994"
31350,"Netherlands",454.575,"B&B","1994"
34485,"Netherlands",547.00625,"Camping","1994"
11116.71,"Netherlands",448.65357,"Camping","1994"
27625,"USA",687.08333,"Hotel","1994"
26520,"USA",1077.125,"Hotel","1994"
31350,"Netherlands",642.03192,"Hotel","1994"
25080,"Netherlands",616.0275,"Appartment","1994"
82875,"USA",1744.88636,"Hotel","1994"
44200,"USA",868.75,"Hotel","1994"
26334,"Netherlands",602.33571,"Appartment","1994"
18810,"Netherlands",606.78571,"Camping","1994"
82875,"USA",3850,"Hotel","1994"
34485,"Netherlands",220.89405,"Camping","1994"
6630,"USA",1100,"Hotel","1994"
24453,"Netherlands",783.07143,"Camping","1994"
24640,"Netherlands",779.16667,"B&B","1994"
91715,"USA",1037.79545,"Hotel","1994"
26520,"USA",962.5,"Hotel","1994"
20000,"Netherlands",471.66667,"Hotel","1994"
22100,"USA",1662.5,"Appartment","1994"
30940,"USA",1496.25,"Hotel","1994"
30000,"USA",945.2381,"Hotel","1994"
110500,"USA",2296.59375,"Hotel","1994"
44200,"USA",552.97826,"B&B","1994"
18785,"USA",542.40476,"B&B","1994"
9171.5,"USA",735.625,"Room","1994"
11050,"USA",1392.125,"Hotel","1994"
10829,"USA",1326.07143,"Hotel","1994"
37620,"Netherlands",534.17857,"Camping","1994"
15675,"Netherlands",445.54167,"Appartment","1994"
10659,"Netherlands",553.57143,"Appartment","1994"
26334,"Netherlands",396.775,"B&B","1994"
12540,"Netherlands",830.775,"Hotel","1994"
15048,"Netherlands",383.4375,"Room","1994"
25080,"Netherlands",772.39357,"Appartment","1994"
28215,"Netherlands",380.3125,"Farm","1994"
40755,"Netherlands",1102.85714,"Hotel","1994"
18420.35,"USA",1756.23333,"Hotel","1994"
55250,"USA",1919.2,"Hotel","1994"
88400,"USA",575.08333,"Room","1994"
110500,"USA",805.83333,"Hotel","1994"
22100,"USA",346.5,"Camping","1994"
18289.59,"Netherlands",390.625,"Camping","1994"
41700,"Netherlands",1475,"Hotel","1994"
47025,"Netherlands",478.875,"Appartment","1994"
43890,"Netherlands",1000.45536,"Hotel","1994"
18810,"Netherlands",634.5625,"Appartment","1994"
26334,"Netherlands",387.5,"Appartment","1994"
43890,"Netherlands",1545.20833,"Hotel","1994"
41802.09,"Netherlands",605,"B&B","1994"
40755,"Netherlands",583.26875,"Appartment","1994"
20897.91,"Netherlands",505.59091,"Farm","1994"
20064,"Netherlands",363.90446,"Appartment","1994"
21945,"Netherlands",703.6875,"Camping","1994"
16575,"USA",818.33333,"Hotel","1994"
41820.9,"Netherlands",401.67188,"Appartment","1994"
19890,"USA",835.71429,"B&B","1994"
36829.65,"USA",493.125,"Hotel","1994"
27688.32,"Netherlands",657.22222,"Hotel","1994"
12540,"Netherlands",891.23571,"Appartment","1994"
26334,"Netherlands",371.30714,"B&B","1994"
38675,"USA",1496.5,"Hotel","1994"
88400,"USA",1615,"Hotel","1994"
36829.65,"USA",1665.625,"Hotel","1994"
37620,"Netherlands",702.39444,"Hotel","1994"
20064,"Netherlands",1153.07692,"Room","1994"
33150,"USA",944.00781,"Hotel","1994"
25080,"Netherlands",266.97357,"Camping","1994"
41802.09,"Netherlands",560.71429,"Hotel","1994"
18810,"Netherlands",477.33429,"Camping","1994"
25080,"Netherlands",457,"B&B","1994"
18810,"Netherlands",442.32143,"Appartment","1994"
31350,"Netherlands",307.15,"Camping","1994"
18810,"Netherlands",314.3625,"Hotel","1994"
25080,"Netherlands",211.66667,"Camping","1994"
21824,"Netherlands",183.86273,"Camping","1994"
25080,"Netherlands",222.85714,"Camping","1994"
50160,"Netherlands",423.09357,"Appartment","1994"
40755,"Netherlands",211.25,"Camping","1994"
68970,"Netherlands",322.45714,"Camping","1994"
17017,"USA",670,"Hotel","1994"
15675,"Netherlands",307.90179,"B&B","1994"
20064,"Netherlands",674.28571,"Hotel","1994"
19437,"Netherlands",554.06364,"B&B","1994"
25080,"Netherlands",493.75,"Appartment","1994"
47000,"USA",838.33333,"B&B","1994"
43890,"Netherlands",980.71429,"Farm","1994"
25080,"Netherlands",337.85714,"Appartment","1994"
18810,"Netherlands",534.375,"B&B","1994"
7524,"Netherlands",280.1375,"Appartment","1994"
25080,"Netherlands",838.76429,"B&B","1994"
31350,"Netherlands",425.315,"Camping","1994"
14365,"USA",551.78571,"Hotel","1994"
18810,"Netherlands",1093.1745,"Hotel","1994"
18810,"Netherlands",466.53846,"B&B","1994"
44200,"USA",1002.5,"Hotel","1994"
20995,"USA",2964.5,"Hotel","1994"
47515,"USA",1564.84375,"Hotel","1994"
53040,"USA",1320.875,"Appartment","1994"
28215,"Netherlands",627,"B&B","1994"
18810,"Netherlands",351.84659,"Appartment","1994"
37620,"Netherlands",464.37187,"Camping","1994"
18810,"Netherlands",665.03571,"Hotel","1994"
24600,"USA",1490,"Hotel","1994"
55250,"USA",1252.5,"Hotel","1994"
10000,"Netherlands",2145,"B&B","1994"
28215,"Netherlands",2216.89286,"Hotel","1994"
20691,"Netherlands",618,"Hotel","1994"
26020.5,"Netherlands",552.07143,"Hotel","1994"
33150,"USA",3490,"Hotel","1994"
30000,"USA",1545,"Hotel","1994"
66300,"USA",467.7,"Hotel","1994"
15048,"Netherlands",621.875,"B&B","1994"
21945,"Netherlands",1039.16667,"Hotel","1994"
77350,"USA",1275,"Hotel","1994"
33150,"USA",1230,"Hotel","1994"
18810,"Netherlands",1023.22917,"Appartment","1994"
45305,"USA",3048.33333,"Hotel","1994"
37620,"Netherlands",663.61111,"B&B","1994"
27625,"USA",879.765,"Camping","1994"
25080,"Netherlands",785.21429,"Appartment","1994"
13794,"Netherlands",650,"B&B","1994"
25080,"Netherlands",1084.63214,"Hotel","1994"
30940,"USA",1176.25,"Hotel","1994"
20064,"Netherlands",527.30833,"Camping","1994"
46410,"USA",882.95833,"Hotel","1994"
55250,"USA",1072.125,"Hotel","1994"
44200,"USA",2381.6875,"Hotel","1994"
21945,"Netherlands",488.33333,"Farm","1994"
81510,"Netherlands",663.30036,"Hotel","1994"
91715,"USA",1063.34286,"Hotel","1994"
99450,"USA",542.64583,"Hotel","1994"
17556,"Netherlands",610.28,"B&B","1994"
52000,"USA",2142.85714,"Hotel","1994"
18000,"Netherlands",1209.375,"Room","1994"
62700,"Netherlands",1633.33333,"Hotel","1994"
30387.5,"USA",481.25,"Camping","1994"
20064,"Netherlands",715.8,"Room","1994"
70400,"USA",1633.75,"Hotel","1994"
16575,"USA",416.33333,"Hotel","1994"
18810,"Netherlands",551.76,"Appartment","1994"
26961,"Netherlands",446.7375,"Appartment","1994"
37620,"Netherlands",403.74321,"Appartment","1994"
14421,"Netherlands",779.10714,"Appartment","1994"
23826,"Netherlands",1204.35714,"Hotel","1994"
25080,"Netherlands",786,"Hotel","1994"
37620,"Netherlands",436.69036,"Appartment","1994"
21945,"Netherlands",554.91071,"Appartment","1994"
25080,"Netherlands",537.94643,"Room","1994"
31350,"Netherlands",459.05357,"Camping","1994"
54862.5,"Netherlands",462.09952,"Appartment","1994"
21318,"Netherlands",367.50476,"B&B","1994"
26520,"USA",566.71429,"B&B","1994"
24453,"Netherlands",572.22857,"Appartment","1994"
25080,"Netherlands",913.39286,"Appartment","1994"
31350,"Netherlands",314.23333,"Camping","1994"
49725,"USA",1290.5,"Hotel","1994"
17242.5,"Netherlands",357.86667,"Camping","1994"
18810,"Netherlands",248.35556,"Camping","1994"
28215,"Netherlands",445,"Camping","1994"
18785,"USA",736.66667,"Camping","1994"
25707,"Netherlands",140.62889,"Camping","1994"
37620,"Netherlands",311.91,"Camping","1994"
18810,"Netherlands",305.48571,"Camping","1994"
44200,"USA",1651.58333,"Hotel","1994"
52668,"Netherlands",904.36,"Camping","1994"
18810,"Netherlands",302.67265,"Appartment","1994"
15048,"Netherlands",309.738,"Appartment","1994"
26961,"Netherlands",477.14286,"B&B","1994"
37620,"Netherlands",4030.71429,"Hotel","1994"
22572,"Netherlands",685,"Camping","1994"
24453,"Netherlands",648.625,"B&B","1994"
26334,"Netherlands",675.36857,"Appartment","1994"
28215,"Netherlands",992.00357,"Appartment","1994"
15048,"Netherlands",903.46667,"B&B","1994"
20064,"Netherlands",730.4,"B&B","1994"
16929,"Netherlands",779.27143,"Appartment","1994"
40885,"USA",1305.5,"Hotel","1994"
28160,"Netherlands",872.96,"Appartment","1994"
18810,"Netherlands",592.29167,"Room","1994"
23232,"Netherlands",494.05714,"Camping","1994"
30272,"Netherlands",228.36,"Camping","1994"
38675,"USA",1764.38214,"Hotel","1994"
32384,"Netherlands",576.70556,"B&B","1994"
16929,"Netherlands",736.10952,"B&B","1994"
23826,"Netherlands",881.15893,"Appartment","1994"
21945,"Netherlands",705.375,"Hotel","1994"
31350,"Netherlands",1018.12857,"Hotel","1994"
26334,"Netherlands",377.14286,"Camping","1994"
13260,"USA",1242.45,"Hotel","1994"
23826,"Netherlands",537.35,"Appartment","1994"
22572,"Netherlands",782.25714,"Hotel","1994"
41990,"USA",688.575,"Hotel","1994"
36366,"Netherlands",747.82812,"B&B","1994"
29469,"Netherlands",994.24286,"Hotel","1994"
29469,"Netherlands",539.22,"Appartment","1994"
24453,"Netherlands",543.92381,"Hotel","1994"
18183,"Netherlands",916.9875,"Appartment","1994"
14107.5,"Netherlands",777.03214,"Hotel","1994"
35739,"Netherlands",667.30714,"Appartment","1994"
24453,"Netherlands",548.02212,"Camping","1994"
110500,"USA",1107.6,"Hotel","1994"
55250,"USA",692.78571,"Hotel","1994"
110500,"USA",1164.375,"Hotel","1994"
33150,"USA",574.09091,"Hotel","1994"
92079.65,"USA",938.8625,"Hotel","1994"
55250,"USA",1070.83929,"Hotel","1994"
88400,"USA",1145,"Hotel","1994"
25326.6,"USA",2262.5,"Hotel","1994"
64454.65,"USA",1229.65625,"Hotel","1994"
33150,"USA",975,"Hotel","1994"
22100,"USA",580.8,"Hotel","1994"
6270,"Netherlands",3850,"Hotel","1994"
165750,"USA",3027.64286,"Hotel","1994"
9000,"USA",1492.14286,"Hotel","1994"
44200,"USA",762.11111,"Hotel","1994"
22100,"USA",837.5,"Hotel","1994"
27625,"USA",1776,"B&B","1994"
66300,"USA",4016.66667,"Hotel","1994"
22100,"USA",1060,"Hotel","1994"
77350,"USA",3692.85714,"Hotel","1994"
44200,"USA",738.75,"Hotel","1994"
70000,"USA",2500.91667,"Hotel","1994"
40000,"USA",750,"B&B","1994"
23017.15,"USA",1003.875,"B&B","1994"
66300,"USA",819.82143,"Hotel","1994"
33150,"USA",2125,"Hotel","1994"
35360,"USA",1635.0625,"Hotel","1994"
22100,"USA",1322.08333,"B&B","1994"
55250,"USA",451.225,"Hotel","1994"
36465,"USA",1320.75,"Hotel","1994"
36829.65,"USA",2018.4375,"Hotel","1994"
77350,"USA",1047.29167,"Hotel","1994"
36465,"USA",1432.5,"Hotel","1994"
44200,"USA",1511.625,"Hotel","1994"
11050,"USA",1271.42857,"Hotel","1994"
49725,"USA",1749.60714,"Hotel","1994"
143650,"USA",948.80952,"Hotel","1994"
99450,"USA",1109.625,"Hotel","1994"
33150,"USA",1274.73214,"Hotel","1994"
11050,"USA",711.07143,"Hotel","1994"
50830,"USA",1001.82,"Camping","1994"
55250,"USA",1196.42857,"Hotel","1994"
20442.5,"USA",1795,"Hotel","1994"
24310,"USA",2250,"Hotel","1994"
30387.5,"USA",702.375,"Hotel","1994"
33150,"USA",1576,"Hotel","1994"
138125,"USA",1483.33333,"Hotel","1994"
44200,"USA",1731.25,"Hotel","1994"
44200,"USA",1181.58333,"Hotel","1994"
44200,"USA",1623.75,"Hotel","1994"
33350,"USA",1480,"Hotel","1994"
46410,"USA",1386,"Hotel","1994"
87295,"USA",1468.41667,"Hotel","1994"
24310,"USA",404.5,"Camping","1994"
66300,"USA",1974.16667,"Hotel","1994"
66300,"USA",875,"Hotel","1994"
55250,"USA",1063.4875,"Hotel","1994"
18785,"USA",1710,"Hotel","1994"
41437.5,"USA",1206.25,"Hotel","1994"
66300,"USA",2541.25,"B&B","1994"
69062.5,"USA",1922.3125,"Hotel","1994"
33792,"Netherlands",563.4,"B&B","1997"
46950,"Netherlands",793.75,"Hotel","1997"
43820,"Netherlands",803.57143,"B&B","1997"
60400,"USA",1571.42857,"Hotel","1997"
28170,"Netherlands",380.51282,"Camping","1997"
21284,"Netherlands",664.28571,"Farm","1997"
31300,"Netherlands",330.85652,"Camping","1997"
34430,"Netherlands",1286.66667,"Room","1997"
40690,"Netherlands",199.83929,"Camping","1997"
32552,"Netherlands",396.83929,"Appartment","1997"
21910,"Netherlands",499.54167,"Camping","1997"
20032,"Netherlands",785.10833,"Hotel","1997"
31300,"Netherlands",1323.45,"Hotel","1997"
46324,"Netherlands",1283.3,"Hotel","1997"
42280,"USA",1035.42857,"Hotel","1997"
31300,"Netherlands",1077.61429,"Hotel","1997"
40690,"Netherlands",591.25,"Room","1997"
37560,"Netherlands",545.31667,"Camping","1997"
36000,"Netherlands",547.75,"Room","1997"
29422,"Netherlands",349.75,"Camping","1997"
21910,"Netherlands",685,"Farm","1997"
21910,"Netherlands",856.25,"Room","1997"
40000,"Netherlands",616.66667,"Room","1997"
20032,"Netherlands",631.25,"Camping","1997"
22536,"Netherlands",174.01429,"Camping","1997"
18780,"Netherlands",330.725,"Camping","1997"
17528,"Netherlands",342.25,"Camping","1997"
59430,"Netherlands",279.64286,"Camping","1997"
18780,"Netherlands",561.25,"Camping","1997"
41072,"USA",1781.8,"Hotel","1997"
43820,"Netherlands",381.12353,"Camping","1997"
71364,"Netherlands",389.71154,"Camping","1997"
25040,"Netherlands",359.44118,"Camping","1997"
61346.56,"Netherlands",508.33333,"Camping","1997"
75120,"Netherlands",274.92857,"Camping","1997"
15650,"Netherlands",420,"Camping","1997"
21910,"Netherlands",474.79571,"Camping","1997"
31300,"Netherlands",453.85,"Room","1997"
66440,"USA",2416,"Hotel","1997"
54360,"USA",3926,"Hotel","1997"
15650,"Netherlands",161.45833,"Camping","1997"
25040,"Netherlands",281.90714,"Camping","1997"
20032,"Netherlands",236.07143,"Camping","1997"
18780,"Netherlands",615.2381,"Farm","1997"
39864,"USA",1366.55,"Hotel","1997"
34430,"Netherlands",388.64167,"Camping","1997"
21910,"Netherlands",1033.20833,"B&B","1997"
18780,"Netherlands",513.64286,"Room","1997"
32616,"USA",710.41905,"Hotel","1997"
32616,"USA",733.26667,"B&B","1997"
25040,"Netherlands",1179.55,"Hotel","1997"
18780,"Netherlands",238.12698,"Camping","1997"
25040,"Netherlands",697.99,"B&B","1997"
25040,"Netherlands",261.22059,"Camping","1997"
48000,"Netherlands",485.71429,"Hotel","1997"
18780,"Netherlands",630,"Appartment","1997"
25040,"Netherlands",357.07647,"Camping","1997"
61128,"Netherlands",370.83333,"Camping","1997"
35682,"Netherlands",207.3625,"Camping","1997"
37560,"Netherlands",283.33333,"Camping","1997"
80000,"Netherlands",192.85714,"Camping","1997"
93900,"Netherlands",319.04762,"Camping","1997"
31300,"Netherlands",242.31333,"Camping","1997"
93900,"Netherlands",165.30952,"Camping","1997"
149792,"USA",501.47059,"Room","1997"
28170,"Netherlands",662.85714,"Room","1997"
31300,"Netherlands",500.3125,"Camping","1997"
28170,"Netherlands",346.97368,"Camping","1997"
25040,"Netherlands",116.30435,"Camping","1997"
40000,"Netherlands",757.95455,"Appartment","1997"
18154,"Netherlands",617.85714,"Camping","1997"
27000,"Netherlands",625,"B&B","1997"
31300,"Netherlands",831.64286,"Camping","1997"
28170,"Netherlands",387.40238,"Camping","1997"
35056,"Netherlands",366.66667,"Room","1997"
29046.4,"Netherlands",467.85714,"Camping","1997"
21120,"Netherlands",655.56111,"Hotel","1997"
48320,"USA",1669,"Room","1997"
22536,"Netherlands",157.20667,"Camping","1997"
36240,"USA",2416,"Hotel","1997"
42280,"USA",1365.04,"Hotel","1997"
43820,"Netherlands",439.28571,"Appartment","1997"
54360,"USA",1461.68,"Hotel","1997"
43820,"Netherlands",465.02857,"Appartment","1997"
43820,"Netherlands",440.35714,"Appartment","1997"
37560,"Netherlands",1126.8,"Hotel","1997"
42280,"USA",1093.67143,"Hotel","1997"
31300,"Netherlands",332.07,"Camping","1997"
18780,"Netherlands",206.00714,"Appartment","1997"
25040,"Netherlands",1104.44286,"Hotel","1997"
28170,"Netherlands",485.89524,"Appartment","1997"
22536,"Netherlands",355.30357,"Camping","1997"
25040,"Netherlands",761.93143,"Appartment","1997"
25040,"Netherlands",1144.65,"Hotel","1997"
18780,"Netherlands",360.55,"Camping","1997"
33824,"USA",1313.7,"B&B","1997"
45904,"USA",1268.4,"Hotel","1997"
36240,"USA",915.78947,"Hotel","1997"
35775.9,"Netherlands",1879.64286,"Hotel","1997"
79728,"USA",2364.22857,"Hotel","1997"
32552,"Netherlands",841.1875,"Hotel","1997"
15650,"Netherlands",950,"Hotel","1997"
37560,"Netherlands",869.44444,"Hotel","1997"
43820,"Netherlands",1361.11111,"Hotel","1997"
31300,"Netherlands",877.77778,"Hotel","1997"
65232,"USA",2343.52,"Hotel","1997"
57984,"USA",4145.8,"Hotel","1997"
38656,"USA",3847.33333,"Hotel","1997"
25040,"Netherlands",371.42857,"Camping","1997"
23662.8,"Netherlands",764.24167,"Hotel","1997"
60400,"USA",747.85714,"Hotel","1997"
22536,"Netherlands",517.5,"Room","1997"
40690,"Netherlands",395.32143,"Camping","1997"
25040,"Netherlands",1300.275,"Hotel","1997"
24160,"USA",1303.88571,"B&B","1997"
21120,"Netherlands",675.46667,"B&B","1997"
20032,"Netherlands",916.23636,"Hotel","1997"
42240,"Netherlands",1578.84615,"Hotel","1997"
31300,"Netherlands",845.1,"Hotel","1997"
30000,"Netherlands",915,"B&B","1997"
26292,"Netherlands",795.91429,"Hotel","1997"
30200,"USA",1749.91429,"Hotel","1997"
45072,"Netherlands",905.46429,"Hotel","1997"
43820,"Netherlands",1139.28571,"Hotel","1997"
64024,"USA",1751.6,"Hotel","1997"
72480,"USA",1553.14286,"Hotel","1997"
34430,"Netherlands",600,"Hotel","1997"
20658,"Netherlands",495.58333,"Camping","1997"
33824,"USA",2044.97143,"Hotel","1997"
62600,"Netherlands",368.68636,"Camping","1997"
21910,"Netherlands",331.62,"Camping","1997"
93900,"Netherlands",898.4375,"Camping","1997"
43820,"Netherlands",479.48571,"Appartment","1997"
21910,"Netherlands",971.71429,"Hotel","1997"
18780,"Netherlands",613.33333,"Hotel","1997"
38656,"USA",2858.93333,"Hotel","1997"
24160,"USA",2553.73333,"Hotel","1997"
34430,"Netherlands",888.33333,"Hotel","1997"
53152,"USA",1150,"Hotel","1997"
50080,"Netherlands",1032.9,"Hotel","1997"
50080,"Netherlands",900,"Hotel","1997"
108720,"USA",1578.16,"B&B","1997"
63360,"Netherlands",927.27778,"Hotel","1997"
20032,"Netherlands",1685.72857,"Hotel","1997"
40690,"Netherlands",1173.75,"Hotel","1997"
120800,"USA",1036.15385,"Hotel","1997"
11894,"Netherlands",330,"Camping","1997"
43820,"Netherlands",441.42857,"Farm","1997"
45300,"USA",1473.1,"B&B","1997"
52342.64,"USA",1548.8,"Room","1997"
30200,"USA",840.15,"Room","1997"
50337.36,"USA",407.43333,"Camping","1997"
74896,"USA",2579.94286,"Hotel","1997"
28170,"Netherlands",777.7,"Hotel","1997"
23162,"Netherlands",339.82143,"B&B","1997"
53152,"USA",1020.76,"Hotel","1997"
2267.8,"USA",646.42857,"Hotel","1997"
100747.2,"USA",952.5,"Hotel","1997"
79728,"USA",1477.47692,"Hotel","1997"
90600,"USA",1457.77143,"Hotel","1997"
18780,"Netherlands",341.5,"Camping","1997"
31300,"Netherlands",307.5,"Camping","1997"
31300,"Netherlands",951.52,"Hotel","1997"
70064,"USA",1370.28,"Hotel","1997"
37560,"Netherlands",777.77778,"Camping","1997"
201736,"USA",890,"Room","1997"
50080,"Netherlands",349,"Camping","1997"
25040,"Netherlands",262.42857,"Camping","1997"
22348.2,"Netherlands",243.325,"Camping","1997"
31300,"Netherlands",518.22308,"Camping","1997"
56340,"Netherlands",791.89,"Hotel","1997"
40690,"Netherlands",1084.16667,"Hotel","1997"
48320,"USA",1001.63333,"Hotel","1997"
79728,"USA",998.33333,"Hotel","1997"
90600,"USA",830,"Hotel","1997"
90600,"USA",689.67143,"Room","1997"
151000,"USA",1250.96,"Hotel","1997"
37560,"Netherlands",1084.66538,"Hotel","1997"
39438,"Netherlands",675.71429,"B&B","1997"
56776,"USA",2925,"Hotel","1997"
37448,"USA",3080.4,"Hotel","1997"
59192,"USA",2114,"Hotel","1997"
60400,"USA",1033,"Appartment","1997"
21910,"Netherlands",539.09091,"Hotel","1997"
24160,"USA",3503.2,"Hotel","1997"
96640,"USA",720,"B&B","1997"
42280,"USA",2161.45714,"Hotel","1997"
12080,"USA",747.66667,"B&B","1997"
20864.58,"Netherlands",1275,"Hotel","1997"
70400,"Netherlands",1310,"Hotel","1997"
12520,"Netherlands",643.11333,"B&B","1997"
46000,"USA",733.80952,"Hotel","1997"
62600,"Netherlands",1117.25,"Hotel","1997"
18780,"Netherlands",1695,"Hotel","1997"
29422,"Netherlands",648.95333,"Hotel","1997"
22536,"Netherlands",387.125,"Camping","1997"
45904,"USA",1052.68571,"Hotel","1997"
28796,"Netherlands",414.39333,"Appartment","1997"
36240,"USA",1494.9,"Hotel","1997"
72480,"USA",1228.13333,"Hotel","1997"
55568,"USA",1190.74286,"Hotel","1997"
66440,"USA",1561.77143,"Hotel","1997"
51958,"Netherlands",620.71429,"Camping","1997"
34430,"Netherlands",407.67737,"Appartment","1997"
43820,"Netherlands",286.04722,"Camping","1997"
20032,"Netherlands",613.35714,"B&B","1997"
55568,"USA",1917.7,"Hotel","1997"
66440,"USA",858.33333,"Hotel","1997"
25040,"Netherlands",1216.85714,"B&B","1997"
37560,"Netherlands",710.35714,"Hotel","1997"
26918,"Netherlands",1691.42857,"Hotel","1997"
37560,"Netherlands",887.78571,"Camping","1997"
18780,"Netherlands",472.46286,"Appartment","1997"
25040,"Netherlands",537.71429,"Hotel","1997"
60000,"Netherlands",1137.55143,"Hotel","1997"
120800,"USA",554.925,"Hotel","1997"
80573.6,"USA",1062.5,"Hotel","1997"
30200,"USA",1175,"Hotel","1997"
84560,"USA",974,"Camping","1997"
39864,"USA",1389.2,"Hotel","1997"
21744,"USA",1654.03077,"Hotel","1997"
42280,"USA",2234.8,"Hotel","1997"
32262,"USA",1600,"Hotel","1997"
140128,"USA",2057.52,"Hotel","1997"
120800,"USA",1958.53333,"Hotel","1997"
60400,"USA",980.13333,"Camping","1997"
126840,"USA",1392.4,"Hotel","1997"
31300,"Netherlands",804.3,"B&B","1997"
100868,"USA",597.5,"Room","1997"
48320,"USA",2162.5,"Hotel","1997"
72480,"USA",1316.66667,"Hotel","1997"
72480,"USA",2076,"Hotel","1997"
78520,"USA",1610.66667,"Hotel","1997"
48320,"USA",1350,"Hotel","1997"
31408,"USA",1208,"Hotel","1997"
48320,"USA",1872.4,"Hotel","1997"
48320,"USA",1377.5,"Hotel","1997"
120800,"USA",1600.6,"Hotel","1997"
42280,"USA",1117.4,"Camping","1997"
24160,"USA",2362,"Hotel","1997"
130862.64,"USA",1062.5,"Hotel","1997"
28170,"Netherlands",1515.5,"Hotel","1997"
120800,"USA",1421.2,"Hotel","1997"
181200,"USA",2687.8,"Hotel","1997"
78520,"USA",2139.6,"Hotel","1997"
50337.36,"USA",520,"B&B","1997"
42280,"USA",957,"Hotel","1997"
48320,"USA",1458.66667,"Hotel","1997"
100626.4,"USA",1526.8,"Hotel","1997"
45904,"USA",1902.6,"Hotel","1997"
41072,"USA",939.4,"B&B","1997"
78520,"USA",1293.10909,"Hotel","1997"
35032,"USA",1283.5,"Hotel","1997"
40000,"Netherlands",547.4359,"Appartment","1997"
54360,"USA",1049.80952,"Hotel","1997"
27784,"USA",1889.65714,"Hotel","1997"
34430,"Netherlands",452.24571,"Hotel","1997"
38656,"USA",2416,"Hotel","1997"
35032,"USA",2312.45714,"Hotel","1997"
96640,"USA",1124.95,"Hotel","1997"
120800,"USA",1208,"Appartment","1997"
31300,"Netherlands",462.14286,"Camping","1997"
42240,"Netherlands",1483.33333,"Hotel","1997"
20000,"Netherlands",314.20385,"Camping","1997"
17117.36,"USA",1009.54286,"Appartment","1997"
18780,"Netherlands",664.68571,"Appartment","1997"
40262.64,"USA",690.28571,"Appartment","1997"
120800,"USA",1397.82857,"Appartment","1997"
25040,"Netherlands",464.88571,"Camping","1997"
46950,"Netherlands",385.56429,"Camping","1997"
15650,"Netherlands",639.41429,"Appartment","1997"
38656,"USA",1419.4,"Hotel","1997"
66440,"USA",1866.75556,"Hotel","1997"
54360,"USA",1540.2,"Hotel","1997"
60400,"USA",952.97778,"Hotel","1997"
25040,"Netherlands",464.83333,"Room","1997"
96640,"USA",1321.42857,"Hotel","1997"
13415.18,"Netherlands",676.31579,"Appartment","1997"
18154,"Netherlands",189.42786,"Camping","1997"
21910,"Netherlands",199.42571,"Camping","1997"
72480,"USA",1419.4,"Hotel","1997"
48320,"USA",1411.78824,"Hotel","1997"
65437.36,"USA",1085.61905,"Hotel","1997"
28170,"Netherlands",322.5,"Camping","1997"
25040,"Netherlands",336.475,"Camping","1997"
31300,"Netherlands",274.52381,"Camping","1997"
37560,"Netherlands",512.72381,"B&B","1997"
72480,"USA",1775,"Hotel","1997"
62816,"USA",1178.57143,"Hotel","1997"
72480,"USA",3334.08,"Hotel","1997"
64024,"USA",1661,"Hotel","1997"
72480,"USA",3083.42857,"Hotel","1997"
48320,"USA",1864,"Hotel","1997"
66440,"USA",1588.22,"Hotel","1997"
21284,"Netherlands",274.375,"Appartment","1997"
31300,"Netherlands",1321.66667,"Hotel","1997"
25040,"Netherlands",757.4375,"Hotel","1997"
25040,"Netherlands",302.90323,"Hotel","1997"
20000,"Netherlands",578.57143,"Camping","1997"
72480,"USA",1208,"Room","1997"
28170,"Netherlands",430.375,"Hotel","1997"
21910,"Netherlands",362.54667,"Camping","1997"
31300,"Netherlands",297.61905,"Appartment","1997"
48320,"USA",1177.8,"Hotel","1997"
21744,"USA",1616.66667,"Hotel","1997"
57984,"USA",1600.6,"Hotel","1997"
38656,"USA",2053.6,"Hotel","1997"
33804,"Netherlands",907.25286,"Hotel","1997"
12520,"Netherlands",813.8,"Hotel","1997"
18780,"Netherlands",370.725,"Camping","1997"
28170,"Netherlands",636.955,"Hotel","1997"
15024,"Netherlands",384.52381,"Room","1997"
52164.58,"Netherlands",556.33333,"Appartment","1997"
27544,"Netherlands",365.76286,"Appartment","1997"
108720,"USA",1147.6,"Hotel","1997"
34430,"Netherlands",358.21429,"Camping","1997"
16276,"Netherlands",397.51,"Camping","1997"
40262.64,"USA",699.32,"Hotel","1997"
43820,"Netherlands",433.33333,"Camping","1997"
18603.2,"USA",729.52,"Hotel","1997"
33178,"Netherlands",589.4,"Hotel","1997"
105096,"USA",1455.71429,"Hotel","1997"
15650,"Netherlands",321.93524,"Appartment","1997"
36240,"USA",1051.075,"Hotel","1997"
15704,"USA",642.82857,"Hotel","1997"
25040,"Netherlands",535.65905,"Appartment","1997"
31300,"Netherlands",940.71429,"B&B","1997"
24414,"Netherlands",706.51111,"Hotel","1997"
33824,"USA",1648.64,"Hotel","1997"
25040,"Netherlands",829.45,"Hotel","1997"
48320,"USA",1253.3,"Hotel","1997"
22952,"USA",2718,"Hotel","1997"
51944,"USA",2589.65,"Hotel","1997"
31300,"Netherlands",536.91538,"Hotel","1997"
854.1,"USA",875,"Hotel","1997"
31300,"Netherlands",801.25,"Hotel","1997"
11000,"USA",607.14286,"Room","1997"
21910,"Netherlands",1010.71429,"Hotel","1997"
37560,"Netherlands",1020.25,"Appartment","1997"
28170,"Netherlands",788.09524,"Hotel","1997"
17528,"Netherlands",479.23077,"Room","1997"
54360,"USA",1485.71429,"Hotel","1997"
26292,"Netherlands",180.93333,"Camping","1997"
50736,"USA",1761.66667,"Hotel","1997"
30200,"USA",1160.54286,"B&B","1997"
31300,"Netherlands",855,"Hotel","1997"
30000,"Netherlands",1067.85714,"Hotel","1997"
21910,"Netherlands",703.33333,"Hotel","1997"
18780,"Netherlands",815.45455,"Hotel","1997"
13772,"Netherlands",988.6,"Hotel","1997"
21910,"Netherlands",621.56,"Appartment","1997"
28170,"Netherlands",312.32929,"Appartment","1997"
111784.82,"Netherlands",1090.62857,"Camping","1997"
37560,"Netherlands",536.57143,"Appartment","1997"
37560,"Netherlands",1207.28571,"Hotel","1997"
15650,"Netherlands",205.47101,"Camping","1997"
15650,"Netherlands",935.35714,"Hotel","1997"
28170,"Netherlands",1020.8,"Hotel","1997"
48320,"USA",1762.81714,"Hotel","1997"
21910,"Netherlands",638.09524,"B&B","1997"
26292,"Netherlands",329.78382,"Appartment","1997"
31300,"Netherlands",603.46667,"Hotel","1997"
18780,"Netherlands",263.09524,"Appartment","1997"
100264,"USA",1189.88,"Hotel","1997"
42280,"USA",2567,"Hotel","1997"
24160,"USA",948.75,"Hotel","1997"
25040,"Netherlands",1016.8,"Camping","1997"
21744,"USA",1201.5,"Room","1997"
25040,"Netherlands",777.125,"Appartment","1997"
25040,"Netherlands",422.05,"Camping","1997"
23162,"Netherlands",833.33333,"Hotel","1997"
23694.1,"Netherlands",875.50571,"Hotel","1997"
24160,"USA",1320,"Hotel","1997"
100662.64,"USA",825.6,"Hotel","1997"
37560,"Netherlands",685,"Hotel","1997"
48320,"USA",883.35,"B&B","1997"
96640,"USA",2481.46667,"Hotel","1997"
37560,"Netherlands",571.42857,"Appartment","1997"
30200,"USA",1620.1,"Hotel","1997"
39864,"USA",996.6,"Hotel","1997"
66440,"USA",1852.26667,"Hotel","1997"
265760,"USA",2476.4,"Hotel","1997"
90600,"USA",2053.6,"Hotel","1997"
72480,"USA",1741.33333,"Hotel","1997"
966400,"USA",2858.93333,"Hotel","1997"
120800,"USA",1431.48,"Hotel","1997"
60400,"USA",1031.11429,"Hotel","1997"
72480,"USA",1155,"Hotel","1997"
80573.6,"USA",2053.6,"Hotel","1997"
36240,"USA",1553.14286,"Hotel","1997"
24160,"USA",1000,"Hotel","1997"
120800,"USA",1608.4,"Hotel","1997"
72480,"USA",1250,"Hotel","1997"
50373.6,"USA",2416,"Hotel","1997"
31300,"Netherlands",314.78857,"Appartment","1997"
49280,"Netherlands",418.62857,"Camping","1997"
19008,"Netherlands",269.86667,"Camping","1997"
33088,"Netherlands",177.25714,"Camping","1997"
36240,"USA",1341.92,"Hotel","1997"
34430,"Netherlands",848.23,"Hotel","1997"
13000,"Netherlands",379.80952,"Appartment","1997"
25040,"Netherlands",1408.33333,"Camping","1997"
36308,"Netherlands",519.45143,"Camping","1997"
25040,"Netherlands",346.97143,"Camping","1997"
26292,"Netherlands",419.77632,"Room","1997"
33178,"Netherlands",1171.51429,"Hotel","1997"
50000,"Netherlands",849.28571,"Hotel","1997"
22536,"Netherlands",448.26071,"Appartment","1997"
54360,"USA",966.4,"Hotel","1997"
37560,"Netherlands",689.44444,"Hotel","1997"
43820,"Netherlands",711.26857,"Appartment","1997"
28170,"Netherlands",318.75,"Appartment","1997"
25040,"Netherlands",206.64286,"Camping","1997"
21910,"Netherlands",207.3625,"Camping","1997"
21284,"Netherlands",1600.16667,"B&B","1997"
28796,"Netherlands",448.32,"Appartment","1997"
24160,"USA",1691.2,"Hotel","1997"
27544,"Netherlands",485.89524,"Hotel","1997"
31300,"Netherlands",511.97857,"Camping","1997"
37560,"Netherlands",608.45714,"Appartment","1997"
20658,"Netherlands",992.35294,"Hotel","1997"
28170,"Netherlands",763.12381,"Appartment","1997"
59470,"Netherlands",317.80952,"Appartment","1997"
25040,"Netherlands",336.375,"Appartment","1997"
33824,"USA",1622.17143,"B&B","1997"
57984,"USA",1872.4,"Hotel","1997"
25040,"Netherlands",198.03333,"Camping","1997"
25040,"Netherlands",367.14286,"Appartment","1997"
26292,"Netherlands",261.90476,"Camping","1997"
18780,"Netherlands",324.35714,"Appartment","1997"
42280,"USA",1306.15,"Hotel","1997"
48320,"USA",1015.81818,"Hotel","1997"
96640,"USA",1050.22857,"Hotel","1997"
53152,"USA",1644.22222,"Hotel","1997"
66440,"USA",1532.65,"Hotel","1997"
18780,"Netherlands",285.6125,"Appartment","1997"
17528,"Netherlands",510.71429,"B&B","1997"
18780,"Netherlands",735,"Hotel","1997"
31300,"Netherlands",210.94857,"Camping","1997"
31300,"Netherlands",750.93333,"Camping","1997"
15650,"Netherlands",804.57143,"Hotel","1997"
13772,"Netherlands",650,"B&B","1997"
25040,"Netherlands",610,"Hotel","1997"
43820,"Netherlands",1104.44286,"Hotel","1997"
55386.8,"USA",759.00952,"Appartment","1997"
31300,"Netherlands",645.72143,"Appartment","1997"
40690,"Netherlands",862.98571,"Appartment","1997"
32384,"Netherlands",568.22857,"Appartment","1997"
27544,"Netherlands",625.21905,"Room","1997"
25040,"Netherlands",995.65714,"Appartment","1997"
28170,"Netherlands",849.57143,"Appartment","1997"
37560,"Netherlands",862.48889,"Hotel","1997"
28170,"Netherlands",782.5,"Appartment","1997"
34430,"Netherlands",251.58393,"Camping","1997"
31300,"Netherlands",688.6,"Camping","1997"
11268,"Netherlands",337.5,"Camping","1997"
48320,"USA",1630.8,"Hotel","1997"
72480,"USA",1354,"B&B","1997"
30200,"USA",1266.46667,"Hotel","1997"
72480,"USA",2198.08,"Hotel","1997"
21744,"USA",1336.44444,"Hotel","1997"
72480,"USA",1383.33333,"Hotel","1997"
62816,"USA",1570.4,"Hotel","1997"
36240,"USA",1981.66667,"Hotel","1997"
36240,"USA",1323.33333,"B&B","1997"
66440,"USA",733.33333,"B&B","1997"
72480,"USA",1671.6,"Hotel","1997"
41072,"USA",2436.13333,"Hotel","1997"
52576,"USA",580,"Hotel","1997"
36240,"USA",1426,"Hotel","1997"
40690,"Netherlands",1600,"Hotel","1997"
45300,"USA",1205,"Hotel","1997"
48320,"USA",2042.275,"Hotel","1997"
108720,"USA",2773.92593,"Hotel","1997"
67075.9,"Netherlands",1850,"Hotel","1997"
18780,"Netherlands",1277.5,"Hotel","1997"
140937.36,"USA",1207.14286,"Hotel","1997"
120800,"USA",5686.66667,"Hotel","1997"
19328,"USA",1373.07429,"Hotel","1997"
60400,"USA",764.25,"Hotel","1997"
26605,"Netherlands",1677,"Hotel","1997"
26576,"USA",1287.26667,"Hotel","1997"
31300,"Netherlands",1425,"Hotel","1997"
84560,"USA",1500,"Hotel","1997"
352337.36,"USA",850,"Hotel","1997"
18780,"Netherlands",1215.83333,"Hotel","1997"
72480,"USA",1041.25,"Hotel","1997"
120800,"USA",1497.33,"Hotel","1997"
12080,"USA",1460,"Hotel","1997"
18120,"USA",1480,"Hotel","1997"
100662.64,"USA",3113.6,"Hotel","1997"
60400,"USA",2355.6,"Hotel","1997"
24160,"USA",1715,"Hotel","1997"
51958,"Netherlands",1464.66667,"Hotel","1997"
37560,"Netherlands",966.66667,"Hotel","1997"
50337.36,"USA",936.2,"Hotel","1997"
24160,"USA",1325.4,"Hotel","1997"
120800,"USA",2703.61905,"Hotel","1997"
22348.2,"Netherlands",1999,"Hotel","1997"
40262.64,"USA",2083.6,"Hotel","1997"
16912,"USA",5738,"Hotel","1997"
20052.8,"USA",3277.2,"Hotel","1997"
45072,"Netherlands",1525.875,"Hotel","1997"
78520,"USA",1912.66667,"Hotel","1997"
60400,"USA",2666.66667,"Hotel","1997"
24160,"USA",843.33333,"Hotel","1997"
45904,"USA",1379.13333,"Hotel","1997"
67648,"USA",1706.3,"Hotel","1997"
181200,"USA",1505.4,"Hotel","1997"
60400,"USA",1160,"Hotel","1997"
201373.6,"USA",3523.33333,"Hotel","1997"
43820,"Netherlands",1399.55714,"Hotel","1997"
96640,"USA",3976,"Hotel","1997"
